{"begin": {"roc_auc": 0.7740097805771052, "metrics": {"pearson": -0.4887105094541321, "spearman": -0.4487765591372412, "kendalltau": -0.36664518412282565, "majority_class_accuracy": 0.33732057416267947, "best_accuracy": 0.7691387559808612, "best_detection_precision": 0.7857142857142857, "best_detection_recall": 0.8935018050541517, "best_detection_f1": 0.8361486486486486, "accuracy@90%": 0.38391502276176026, "accuracy@70%": 0.600609756097561, "threshold_f1": 0.5221818089485168, "threshold_@90%": 0.032563578337430954, "threshold_@70%": 0.21520209312438965, "f1_binary": 0.832625318606627, "f1_macro": 0.7173227603134145, "f1_micro": 0.7643540669856459, "f1_weighted": 0.7548374682748425}}, "dialfact": {"roc_auc": 0.9100559177616239, "metrics": {"pearson": -0.5842262577340694, "spearman": -0.6910315081218549, "kendalltau": -0.5642580029951516, "majority_class_accuracy": 0.384509149499367, "best_accuracy": 0.8336977788007826, "best_detection_precision": 0.8401538999650228, "best_detection_recall": 0.8982797307404637, "best_detection_f1": 0.8682450750045183, "accuracy@90%": 0.6869287020109689, "accuracy@70%": 0.8264404383174266, "threshold_f1": 0.09442146122455597, "threshold_@90%": 0.040400344878435135, "threshold_@70%": 0.1034674197435379, "f1_binary": 0.8054230099219875, "f1_macro": 0.5950468343023111, "f1_micro": 0.7043388191966855, "f1_weighted": 0.643639881197085}}, "fever": {"roc_auc": 0.9445417817981987, "metrics": {"pearson": -0.8016447657377641, "spearman": -0.7350293943074218, "kendalltau": -0.6001662900369898, "majority_class_accuracy": 0.35109012027019604, "best_accuracy": 0.8949969795156242, "best_detection_precision": 0.9247726882827243, "best_detection_recall": 0.9124069058903183, "best_detection_f1": 0.9185481809661753, "accuracy@90%": 0.812111801242236, "accuracy@70%": 0.8847370502174773, "threshold_f1": 0.5293922424316406, "threshold_@90%": 0.3540634512901306, "threshold_@70%": 0.8136994242668152, "f1_binary": 0.9181674295247465, "f1_macro": 0.8857381124312637, "f1_micro": 0.8949420616178813, "f1_weighted": 0.8953962038474841}}, "frank": {"roc_auc": 0.9082919602818705, "metrics": {"pearson": -0.6970723388120091, "spearman": -0.6662402277272398, "kendalltau": -0.5443880694634315, "majority_class_accuracy": 0.33233979135618474, "best_accuracy": 0.8479880774962743, "best_detection_precision": 0.9020979020979021, "best_detection_recall": 0.8638392857142857, "best_detection_f1": 0.8825541619156215, "accuracy@90%": 0.6944444444444444, "accuracy@70%": 0.78, "threshold_f1": 0.5417473912239075, "threshold_@90%": 0.44346365332603455, "threshold_@70%": 0.6039453148841858, "f1_binary": 0.8798133022170361, "f1_macro": 0.8337210840982088, "f1_micro": 0.8464977645305514, "f1_weighted": 0.8491767459115265}}, "mnbm": {"roc_auc": 0.7277854928162801, "metrics": {"pearson": -0.25837099741185215, "spearman": -0.23881135583422777, "kendalltau": -0.19502792986093187, "majority_class_accuracy": 0.10199999999999998, "best_accuracy": 0.8988, "best_detection_precision": 0.8990384615384616, "best_detection_recall": 0.999554565701559, "best_detection_f1": 0.9466357308584686, "accuracy@90%": 0.1354228267297457, "accuracy@70%": 0.18407445708376421, "threshold_f1": 0.9221304655075073, "threshold_@90%": 0.028268245980143547, "threshold_@70%": 0.13332226872444153, "f1_binary": 0.9023001594169893, "f1_macro": 0.5989333309400218, "f1_micro": 0.8284, "f1_weighted": 0.840413326407688}}, "paws": {"roc_auc": 0.9651138728355554, "metrics": {"pearson": -0.8323563296210537, "spearman": -0.8002327583177907, "kendalltau": -0.6534282179945661, "majority_class_accuracy": 0.44237499999999996, "best_accuracy": 0.90725, "best_detection_precision": 0.9221162579473207, "best_detection_recall": 0.9103340058282896, "best_detection_f1": 0.9161872532430907, "accuracy@90%": 0.8891680625348967, "accuracy@70%": 0.9545279383429672, "threshold_f1": 0.26961222290992737, "threshold_@90%": 0.27392587065696716, "threshold_@70%": 0.7419212460517883, "f1_binary": 0.9072476272648835, "f1_macro": 0.8897118041199565, "f1_micro": 0.8925, "f1_weighted": 0.8917328077374094}}, "q2": {"roc_auc": 0.8654943229022433, "metrics": {"pearson": -0.5374349672520085, "spearman": -0.6254625144381053, "kendalltau": -0.5109235034610352, "majority_class_accuracy": 0.5772058823529411, "best_accuracy": 0.8088235294117647, "best_detection_precision": 0.8014354066985646, "best_detection_recall": 0.7282608695652174, "best_detection_f1": 0.7630979498861049, "accuracy@90%": 0.7793103448275862, "accuracy@70%": 0.8377862595419847, "threshold_f1": 0.08891961723566055, "threshold_@90%": 0.06910589337348938, "threshold_@70%": 0.15187279880046844, "f1_binary": 0.7056962025316456, "f1_macro": 0.6489007328447701, "f1_micro": 0.6580882352941176, "f1_weighted": 0.6401308441431203}}, "qags_cnndm": {"roc_auc": 0.8436819962280574, "metrics": {"pearson": -0.6120775839632963, "spearman": -0.5948433518495247, "kendalltau": -0.48671984376102095, "majority_class_accuracy": 0.48085106382978726, "best_accuracy": 0.7957446808510639, "best_detection_precision": 0.8135593220338984, "best_detection_recall": 0.7868852459016393, "best_detection_f1": 0.8, "accuracy@90%": 0.696551724137931, "accuracy@70%": 0.797979797979798, "threshold_f1": 0.5214791297912598, "threshold_@90%": 0.3912392556667328, "threshold_@70%": 0.6306653618812561, "f1_binary": 0.7811158798283262, "f1_macro": 0.7829630032053023, "f1_micro": 0.7829787234042553, "f1_weighted": 0.7828922623100139}}, "qags_xsum": {"roc_auc": 0.8551303616484441, "metrics": {"pearson": -0.6224480442568748, "spearman": -0.6148453283797414, "kendalltau": -0.5030682613075391, "majority_class_accuracy": 0.4853556485355649, "best_accuracy": 0.7949790794979079, "best_detection_precision": 0.7573529411764706, "best_detection_recall": 0.8373983739837398, "best_detection_f1": 0.7953667953667953, "accuracy@90%": 0.6933333333333334, "accuracy@70%": 0.801980198019802, "threshold_f1": 0.5963848829269409, "threshold_@90%": 0.3386663496494293, "threshold_@70%": 0.6022512912750244, "f1_binary": 0.7851239669421488, "f1_macro": 0.7823924919456506, "f1_micro": 0.7824267782426778, "f1_weighted": 0.7824724933053808}}, "summeval": {"roc_auc": 0.8388572887041493, "metrics": {"pearson": -0.5807315489714523, "spearman": -0.45460356172209737, "kendalltau": -0.3713072083647984, "majority_class_accuracy": 0.81625, "best_accuracy": 0.88625, "best_detection_precision": 0.6655172413793103, "best_detection_recall": 0.6564625850340136, "best_detection_f1": 0.6609589041095891, "accuracy@90%": 0.9244689221085759, "accuracy@70%": 0.9364754098360656, "threshold_f1": 0.4598006308078766, "threshold_@90%": 0.5076283812522888, "threshold_@70%": 0.6182999014854431, "f1_binary": 0.6363636363636364, "f1_macro": 0.7748381649310442, "f1_micro": 0.86, "f1_weighted": 0.8624233042499295}}, "vitc": {"roc_auc": 0.915499479209153, "metrics": {"pearson": -0.6921536646977521, "spearman": -0.7196655392266653, "kendalltau": -0.587609233189173, "majority_class_accuracy": 0.4993180448504456, "best_accuracy": 0.8381070193802138, "best_detection_precision": 0.8139493133060052, "best_detection_recall": 0.8616724738675958, "best_detection_f1": 0.8371312951023988, "accuracy@90%": 0.7948552513464991, "accuracy@70%": 0.8898849182313749, "threshold_f1": 0.2473420947790146, "threshold_@90%": 0.12575232982635498, "threshold_@70%": 0.384714275598526, "f1_binary": 0.810599028012887, "f1_macro": 0.7740561357712383, "f1_micro": 0.7799663780251848, "f1_weighted": 0.7741059769983261}}}